Workbook

Sheet Classificação
A1: Default | H1: Better Fit | P1: Better Fit vs Test
A2: Nome do Algoritimo | B2: Fase | C2: Accuracy | D2: Precision | E2: Recall | F2: F1-Score | H2: Nome do Algoritimo | I2: Fase | J2: Accuracy | K2: Precision | L2: Recall | M2: F1-Score | N2: Parametros | P2: Nome do Algoritimo | Q2: Fase | R2: Accuracy | S2: Precision | T2: Recall | U2: F1-Score | V2: Parametros
A3: KNN k = 5 | B3: Treinamento | C3: 0.7816 | D3: 0.7559 | E3: 0.7326 | F3: 0.744 | H3: KNN | I3: Treinamento | J3: 0.8322 | K3: 0.812 | L3: 0.7974 | M3: 0.8046 | N3: n_neighbors = 4 | P3: KNN | Q3: Train + Val vs Test | R3: =IF(J5="","",(J4-J5)) -> -0.0463 | S3: =IF(K5="","",(K4-K5)) -> -0.0549 | T3: =IF(L5="","",(L4-L5)) -> 0.1398 | U3: =IF(M5="","",(M4-M5)) -> 0.0598 | V3: =N3 -> n_neighbors = 4
B4: Validação | C4: 0.6318 | D4: 0.6318 | E4: 0.6032 | F4: 0.6171 | I4: Validação | J4: 0.6279 | K4: 0.6279 | L4: 0.6213 | M4: 0.6245
B5: Teste | I5: Teste | J5: 0.6742 | K5: 0.6828 | L5: 0.4815 | M5: 0.5647
A6: Decision Tree | B6: Treinamento | C6: 1 | D6: 1 | E6: 1 | F6: 1 | H6: Decision Tree | I6: Treinamento | J6: 0.9745 | K6: 0.9817 | L6: 0.959 | M6: 0.9702 | N6: max_depth = 14 | P6: Decision Tree | Q6: Train + Val vs Test | R6: =IF(J8="","",(J7-J8)) -> -0.0029 | S6: =IF(K8="","",(K7-K8)) -> 0.0013 | T6: =IF(L8="","",(L7-L8)) -> -0.0098 | U6: =IF(M8="","",(M7-M8)) -> -0.0044 | V6: =N6 -> max_depth = 14
B7: Validação | C7: 0.9449 | D7: 0.9349 | E7: 0.9381 | F7: 0.9365 | I7: Validação | J7: 0.9525 | K7: 0.9564 | L7: 0.9329 | M7: 0.9445
B8: Teste | I8: Teste | J8: 0.9554 | K8: 0.9551 | L8: 0.9427 | M8: 0.9489
A9: Random Forest | B9: Treinamento | C9: 0.9756 | D9: 0.9858 | E9: 0.9552 | F9: 0.9691 | H9: Random Forest | I9: Treinamento | J9: 0.9736 | K9: 0.9834 | L9: 0.9552 | M9: 0.9691 | N9: n_estimators = 100 max_depth = 19 | P9: Random Forest | Q9: Train + Val vs Test | R9: =IF(J11="","",(J10-J11)) -> -0.003 | S9: =IF(K11="","",(K10-K11)) -> -0.0023 | T9: =IF(L11="","",(L10-L11)) -> -0.0058 | U9: =IF(M11="","",(M10-M11)) -> -0.0041 | V9: =N9 -> n_estimators = 100 max_depth = 19
B10: Validação | C10: 0.9616 | D10: 0.9707 | E10: 0.9398 | F10: 0.955 | I10: Validação | J10: 0.9616 | K10: 0.9707 | L10: 0.9398 | M10: 0.955
B11: Teste | I11: Teste | J11: 0.9646 | K11: 0.973 | L11: 0.9456 | M11: 0.9591
A12: Logistic Regression | B12: Treinamento | C12: 0.8753 | D12: 0.8707 | E12: 0.8364 | F12: 0.8532 | H12: Logistic Regression | I12: Treinamento | J12: 0.8753 | K12: 0.8707 | L12: 0.8364 | M12: 0.8532 | N12: C = 1.0 solver = lbfgs max_iter = 100 | P12: Logistic Regression | Q12: Train + Val vs Test | R12: =IF(J14="","",(J13-J14)) -> 0.0031 | S12: =IF(K14="","",(K13-K14)) -> 0.0007 | T12: =IF(L14="","",(L13-L14)) -> 0.0029 | U12: =IF(M14="","",(M13-M14)) -> 0.0018 | V12: =N12 -> C = 1.0 solver = lbfgs max_iter = 100
B13: Validação | C13: 0.8742 | D13: 0.8692 | E13: 0.8353 | F13: 0.8519 | I13: Validação | J13: 0.8742 | K13: 0.8692 | L13: 0.8353 | M13: 0.8519
B14: Teste | I14: Teste | J14: 0.8711 | K14: 0.8685 | L14: 0.8324 | M14: 0.8501
P16: Do KNN para o Decision Tree houve melhora pois os dados ignoram que as dimensões (features) estão em unidades diferentes e consegue alcançar excelentes numeros de Recall e Precision enquando a Random Forest apresentou os melhres resultados devido ao modelo ensemble de floresta A Logistc Regression não consegue entender tão bem o modelo devido as relações não serem lineares entre as métricas e mesmo com a sigmoide ela tem dificuldade em predizer aluns valores

Sheet Regressão
A1: Better Fit | J1: Better Fit vs Test
A2: Nome do Algoritimo | B2: Fase | C2: R² | D2: MSE | E2: RMSE | F2: MAE | G2: MAPE | H2: Parametros | J2: Nome do Algoritimo | K2: Fase | L2: R² | M2: MSE | N2: RMSE | O2: MAE | P2: MAPE | Q2: Parametros
A3: Linear Regression | B3: Treinamento | C3: 0.0461 | D3: 456 | E3: 21.35 | F3: 17 | G3: 865.32 | J3: =A3 -> Linear Regression | K3: Train + Val vs Test | L3: =IF(C5="","",(C4-C5)) -> -0.0113 | M3: =IF(D5="","",(D4-D5)) -> -3.54 | N3: =IF(E5="","",(E4-E5)) -> -0.08 | O3: =IF(F5="","",(F4-F5)) -> -0.1 | P3: =IF(G5="","",(G4-G5)) -> 12.18 | Q3: =H3 -> 0
B4: Validação | C4: 0.0399 | D4: 458.45 | E4: 21.41 | F4: 17.04 | G4: 865.32
B5: Teste | C5: 0.0512 | D5: 461.99 | E5: 21.49 | F5: 17.14 | G5: 853.14
A6: Linear Regression Lasso | B6: Treinamento | C6: 0.0461 | D6: 456 | E6: 21.35 | F6: 17 | G6: 865.39 | H6: alpha = 0.001 max_iter = 1000 | J6: =A6 -> Linear Regression Lasso | K6: Train + Val vs Test | L6: =IF(C8="","",(C7-C8)) -> -0.0112 | M6: =IF(D8="","",(D7-D8)) -> -3.56 | N6: =IF(E8="","",(E7-E8)) -> -0.08 | O6: =IF(F8="","",(F7-F8)) -> -0.1 | P6: =IF(G8="","",(G7-G8)) -> 14.98 | Q6: =H6 -> alpha = 0.001 max_iter = 1000
B7: Validação | C7: 0.0399 | D7: 458.44 | E7: 21.41 | F7: 17.04 | G7: 868.29
B8: Teste | C8: 0.0511 | D8: 462 | E8: 21.49 | F8: 17.14 | G8: 853.31
A9: Linear Regression Ridge | B9: Treinamento | C9: 0.046 | D9: 456.02 | E9: 21.35 | F9: 17 | G9: 865.52 | H9: alpha = 10 max_iter = 1000 | J9: =A9 -> Linear Regression Ridge | K9: Train + Val vs Test | L9: =IF(C11="","",(C10-C11)) -> -0.0112 | M9: =IF(D11="","",(D10-D11)) -> -3.57 | N9: =IF(E11="","",(E10-E11)) -> -0.08 | O9: =IF(F11="","",(F10-F11)) -> -0.1 | P9: =IF(G11="","",(G10-G11)) -> 14.35 | Q9: =H9 -> alpha = 10 max_iter = 1000
B10: Validação | C10: 0.0399 | D10: 458.44 | E10: 21.41 | F10: 17.04 | G10: 868.13
B11: Teste | C11: 0.0511 | D11: 462.01 | E11: 21.49 | F11: 17.14 | G11: 853.78
A12: Linear Regression ElasticNet | B12: Treinamento | C12: 0.0461 | D12: 456 | E12: 21.35 | F12: 17 | G12: 865.41 | H12: alpha = 0.001 max_iter = 1000 l1_ratio = 0.5 | J12: =A12 -> Linear Regression ElasticNet | K12: Train + Val vs Test | L12: =IF(C14="","",(C13-C14)) -> -0.0112 | M12: =IF(D14="","",(D13-D14)) -> -3.57 | N12: =IF(E14="","",(E13-E14)) -> -0.08 | O12: =IF(F14="","",(F13-F14)) -> -0.1 | P12: =IF(G14="","",(G13-G14)) -> 14.56 | Q12: =H12 -> alpha = 0.001 max_iter = 1000 l1_ratio = 0.5
B13: Validação | C13: 0.0399 | D13: 458.44 | E13: 21.41 | F13: 17.04 | G13: 868.27
B14: Teste | C14: 0.0511 | D14: 462.01 | E14: 21.49 | F14: 17.14 | G14: 853.71
A15: Polinomial Regressor | B15: Treinamento | C15: 0.0942 | D15: 432.99 | E15: 20.81 | F15: 16.46 | G15: 835.05 | H15: degree = 2 | J15: =A15 -> Polinomial Regressor | K15: Train + Val vs Test | L15: =IF(C17="","",(C16-C17)) -> -0.0244 | M15: =IF(D17="","",(D16-D17)) -> 3.13 | N15: =IF(E17="","",(E16-E17)) -> 0.07 | O15: =IF(F17="","",(F16-F17)) -> 0.01 | P15: =IF(G17="","",(G16-G17)) -> 27.09 | Q15: =H15 -> degree = 2
B16: Validação | C16: 0.0665 | D16: 445.77 | E16: 21.11 | F16: 16.75 | G16: 854.79
B17: Teste | C17: 0.0909 | D17: 442.64 | E17: 21.04 | F17: 16.74 | G17: 827.7
A18: Polinomial Regression Lasso | B18: Treinamento | C18: 0.0868 | D18: 436.51 | E18: 20.89 | F18: 16.54 | G18: 843.27 | H18: degree = 2 alpha = 0.01 max_iter = 10000 | J18: =A18 -> Polinomial Regression Lasso | K18: Train + Val vs Test | L18: =IF(C20="","",(C19-C20)) -> -0.0169 | M18: =IF(D20="","",(D19-D20)) -> -0.52 | N18: =IF(E20="","",(E19-E20)) -> -0.01 | O18: =IF(F20="","",(F19-F20)) -> -0.06 | P18: =IF(G20="","",(G19-G20)) -> 24.89 | Q18: =H18 -> degree = 2 alpha = 0.01 max_iter = 10000
B19: Validação | C19: 0.0685 | D19: 444.81 | E19: 21.09 | F19: 16.73 | G19: 859.1
B20: Teste | C20: 0.0854 | D20: 445.33 | E20: 21.1 | F20: 16.79 | G20: 834.21
A21: Polinomial Regression Ridge | B21: Treinamento | C21: 0.0932 | D21: 433.48 | E21: 20.82 | F21: 16.47 | G21: 837.27 | H21: degree = 2 alpha = 1.0 max_iter = 10000 | J21: =A21 -> Polinomial Regression Ridge | K21: Train + Val vs Test | L21: =IF(C23="","",(C22-C23)) -> -0.0177 | M21: =IF(D23="","",(D22-D23)) -> -0.15 | N21: =IF(E23="","",(E22-E23)) -> 0 | O21: =IF(F23="","",(F22-F23)) -> -0.05 | P21: =IF(G23="","",(G22-G23)) -> 22.69 | Q21: =H21 -> degree = 2 alpha = 1.0 max_iter = 10000
B22: Validação | C22: 0.0677 | D22: 445.18 | E22: 21.1 | F22: 16.74 | G22: 856.9
B23: Teste | C23: 0.0854 | D23: 445.33 | E23: 21.1 | F23: 16.79 | G23: 834.21
A24: Polinomial Regression ElasticNet | B24: Treinamento | C24: 0.092 | D24: 434.04 | E24: 20.83 | F24: 16.48 | G24: 838.91 | H24: alpha = 0.001 max_iter = 2000 l1_ratio = 0.8 | J24: =A24 -> Polinomial Regression ElasticNet | K24: Train + Val vs Test | L24: =IF(C26="","",(C25-C26)) -> -0.0207 | M24: =IF(D26="","",(D25-D26)) -> 1.35 | N24: =IF(E26="","",(E25-E26)) -> 0.03 | O24: =IF(F26="","",(F25-F26)) -> -0.02 | P24: =IF(G26="","",(G25-G26)) -> 24.72 | Q24: =H24 -> alpha = 0.001 max_iter = 2000 l1_ratio = 0.8
B25: Validação | C25: 0.0679 | D25: 445.11 | E25: 21.1 | F25: 16.74 | G25: 857.83
B26: Teste | C26: 0.0886 | D26: 443.76 | E26: 21.07 | F26: 16.76 | G26: 833.11
A27: Decision Tree Regression | B27: Treinamento | C27: 0.1135 | D27: 423.75 | E27: 20.59 | F27: 16.37 | G27: 786.95 | H27: max_depth = 5 | J27: =A27 -> Decision Tree Regression | K27: Train + Val vs Test | L27: =IF(C29="","",(C28-C29)) -> -0.026 | M27: =IF(D29="","",(D28-D29)) -> 3.86 | N27: =IF(E29="","",(E28-E29)) -> 0.1 | O27: =IF(F29="","",(F28-F29)) -> 0.01 | P27: =IF(G29="","",(G28-G29)) -> 50.96 | Q27: =H27 -> max_depth = 5
B28: Validação | C28: 0.0636 | D28: 447.16 | E28: 21.15 | F28: 16.84 | G28: 839.58
B29: Teste | C29: 0.0896 | D29: 443.3 | E29: 21.05 | F29: 16.83 | G29: 788.62
A30: Random Forest Regression | B30: Treinamento | C30: 0.4681 | D30: 254.24 | E30: 15.94 | F30: 12.68 | G30: 572.57 | H30: n_estimatores = 300 max_depth = 10 | J30: =A30 -> Random Forest Regression | K30: Train + Val vs Test | L30: =IF(C32="","",(C31-C32)) -> -0.0329 | M30: =IF(D32="","",(D31-D32)) -> 8.59 | N30: =IF(E32="","",(E31-E32)) -> 0.22 | O30: =IF(F32="","",(F31-F32)) -> 0.02 | P30: =IF(G32="","",(G31-G32)) -> 72.13 | Q30: =H30 -> n_estimatores = 300 max_depth = 10
B31: Validação | C31: 0.2133 | D31: 375.64 | E31: 19.38 | F31: 15.28 | G31: 787.52
B32: Teste | C32: 0.2462 | D32: 367.05 | E32: 19.16 | F32: 15.26 | G32: 715.39
A33: XGBoost | B33: Treinamento | C33: 0.9559 | D33: 21.08 | E33: 4.59 | F33: 2.96 | G33: 116.65 | H33: n_estimatores = 300 max_depth = 10 learning_rate = 0.1 | J33: =A33 -> XGBoost | K33: Train + Val vs Test | L33: =IF(C35="","",(C34-C35)) -> -0.0802 | M33: =IF(D35="","",(D34-D35)) -> 32.39 | N33: =IF(E35="","",(E34-E35)) -> 0.9 | O33: =IF(F35="","",(F34-F35)) -> 0.49 | P33: =IF(G35="","",(G34-G35)) -> 56.13 | Q33: =H33 -> n_estimatores = 300 max_depth = 10 learning_rate = 0.1
B34: Validação | C34: 0.2876 | D34: 340.2 | E34: 18.44 | F34: 13.17 | G34: 673.04
B35: Teste | C35: 0.3678 | D35: 307.81 | E35: 17.54 | F35: 12.68 | G35: 616.91
A36: LightGBM | B36: Treinamento | C36: 0.9527 | D36: 22.59 | E36: 4.75 | F36: 3.11 | G36: 135 | H36: n_estimatores = 500 Num_Leaves = 63 learning_rate = 0.1 | J36: =A36 -> LightGBM | K36: Train + Val vs Test | L36: =IF(C38="","",(C37-C38)) -> -0.0639 | M36: =IF(D38="","",(D37-D38)) -> 24.49 | N36: =IF(E38="","",(E37-E38)) -> 0.68 | O36: =IF(F38="","",(F37-F38)) -> 0.37 | P36: =IF(G38="","",(G37-G38)) -> 53.04 | Q36: =H36 -> n_estimatores = 500 Num_Leaves = 63 learning_rate = 0.1
B37: Validação | C37: 0.294 | D37: 337.12 | E37: 18.36 | F37: 13.12 | G37: 685.47
B38: Teste | C38: 0.3579 | D38: 312.63 | E38: 17.68 | F38: 12.75 | G38: 632.43
J39: A Linear Regression Lasso faz uma seleção de fatures atraves do Alpha realizando iteraçãoes acabou não melhorando o modelo baseline (piorando levemente). O modelo desistiu de olhar para as características da música (energy, danceability, etc.) e passou a prever apenas a média aritmética da popularidade para toda a gente

Sheet Clusterização
A1: Better Fit | F1: Better Fit vs Test
A2: Nome do Algoritimo | B2: Fase | C2: SS | D2: Parametros | F2: Nome do Algoritimo | G2: Fase | H2: SS | I2: Parametros
A3: K-Means | B3: Treinamento | C3: 0.233 | D3: K = 3 | F3: =A3 -> K-Means | G3: Train + Val vs Test | H3: =IF(C5="","",(C4-C5)) | I3: =D3 -> K = 3
A6: Affinity Propagation | B6: Treinamento | D6: preference | F6: =A6 -> Affinity Propagation | G6: Train + Val vs Test | H6: =IF(C8="","",(C7-C8)) | I6: =D6 -> preference
B7: Validação
B8: Teste

Sheet Algoritimos para Ensaio
A1: Modelo | B1: Algoritimo | C1: Parametros | D1: Função de Custo/Performance | J1: KNN | K1: Decision Tree | L1: Random Forest | M1: Logistc Regression | P1: Linear Regression | Q1: Linear Regression Lasso | R1: Linear Regression Ridge | S1: Linear Regression ElasticNet | T1: Polinomial Regressor | U1: Polinomial Regression Lasso | V1: Polinomial Regression Ridge | W1: Polinomial Regression ElasticNet | X1: Decision Tree Regression | Y1: Random Forest Regression
A2: Classificação | B2: KNN | C2: n_neighbors | D2: Acuracia Precisão Recall F1 - Score | I2: F1-Score | J2: =Classificação!M5 -> 0.5647 | K2: =Classificação!M8 -> 0.9489 | L2: =Classificação!M11 -> 0.9591 | M2: =Classificação!M14 -> 0.8501 | O2: R²
B3: Decision Tree | C3: max_depth | I3: Precision | J3: =Classificação!K5 -> 0.6828 | K3: =Classificação!K8 -> 0.9551 | L3: =Classificação!K11 -> 0.973 | M3: =Classificação!K14 -> 0.8685
B4: Random Forest | C4: n_estimators, max_depth | I4: Recall | J4: =Classificação!L5 -> 0.4815 | K4: =Classificação!L8 -> 0.9427 | L4: =Classificação!L11 -> 0.9456 | M4: =Classificação!L14 -> 0.8324
B5: Logistc Regression | C5: C, solver, max_iter
A6: Regressão | B6: Linear Regression | D6: R² MSE RMSE MAE MAPE
B7: Linear Regression Lasso | C7: alpha, max_iter
B8: Linear Regression Ridge | C8: alpha, max_iter
B9: Linear Regression ElasticNet | C9: alpha, max_iter, l1_ratio
B10: Polinomial Regressor | C10: degree
B11: Polinomial Regression Lasso | C11: degree, alpha, max_iter
B12: Polinomial Regression Ridge | C12: degree, alpha, max_iter
B13: Polinomial Regression ElasticNet | C13: degree, alpha, l1_ratio
B14: Decision Tree Regression | C14: max_depth
B15: Random Forest Regression | C15: n_estimatores, max_depth
A16: Clusterização | B16: K-Means | C16: k | D16: SS (Silhouete Score)
B17: Affinity Propagation | C17: preference
